,class,label,song_name,tempo,total_beats,average_beats,chroma_stft_mean,chroma_stft_std,chroma_stft_var,chroma_cq_mean,chroma_cq_std,chroma_cq_var,chroma_cens_mean,chroma_cens_std,chroma_cens_var,melspectrogram_mean,melspectrogram_std,melspectrogram_var,mfcc_mean,mfcc_std,mfcc_var,mfcc_delta_mean,mfcc_delta_std,mfcc_delta_var,rmse_mean,rmse_std,rmse_var,cent_mean,cent_std,cent_var,spec_bw_mean,spec_bw_std,spec_bw_var,contrast_mean,contrast_std,contrast_var,rolloff_mean,rolloff_std,rolloff_var,poly_mean,poly_std,poly_var,tonnetz_mean,tonnetz_std,tonnetz_var,zcr_mean,zcr_std,zcr_var,harm_mean,harm_std,harm_var,perc_mean,perc_std,perc_var,frame_mean,frame_std,frame_var
1,relax,3,19 Little Mix - Little Me.mp3,161.4990234375,199057,1259.8544303797469,0.3568926511171622,0.31464807682761414,0.09900341225131619,0.5253978999246779,0.2783525379442765,0.07748013538001988,0.260463788982314,0.12446665401749153,0.015491947962309943,10.029921542410538,83.00007898608573,6889.013111696469,-0.4140080047656808,39.80042426389193,1584.0737715857974,0.01196040174514378,3.010095627460866,9.060675686459025,0.18849237263202667,0.10318627953529358,0.010647408664226532,2553.351814235054,1129.246915830391,1275198.5969124497,2496.8404354677123,749.5853853851315,561878.2499829762,20.746883881323004,7.102804667616576,50.44983414631582,5338.8677165973295,2252.461423005899,5073582.46212976,2.2142327055104842,2.954558624854959,8.729416667704825,0.008872742804312753,0.07059025990344467,0.004982984793235868,0.12271259886561532,0.08508310131648367,0.007239134129631024,1.0971652955049649e-05,0.12899011373519897,0.01663845032453537,-4.870436532655731e-05,0.1301107108592987,0.016928797587752342,2.4926621315192743,1.5411697185906936,2.375204101500918
2,relax,3,ahzee-king-official-video-nwj-v9kt16y.mp3,129.19921875,164284,1303.8412698412699,0.3530006051129703,0.3046322772796371,0.0928008243605777,0.49735715394726526,0.2812872541794781,0.0791225193638303,0.25216090526876767,0.14052832877170682,0.01974821118736892,14.732144512956198,112.96978070836994,12762.171353297193,2.449796469209171,39.94883202803847,1595.9091804044322,0.01329277884232342,2.358778411647568,5.5638355952546235,0.23584161698818207,0.12277802079916,0.015074443072080612,2719.143455135446,1092.8254376778336,1194267.4372357489,2589.594888845572,688.2416274731358,473676.53778687073,20.856865946654707,7.51789710913451,56.51877694353302,5711.577962869461,2293.0991129971544,5258303.542028337,2.8878198645736926,3.8116689413092275,14.528820118141406,0.012454384141008495,0.0723023221253371,0.0052276257847160106,0.12771937131143576,0.07284257975420741,0.005306041425248067,2.1731199012720026e-05,0.2117018848657608,0.044817689806222916,0.0002900603285524994,0.10049125552177429,0.010098492726683617,4.905215419501134,1.99242737609131,3.969766848998103
3,relax,3,Akcent Im Sorry Reworked Radio Edit 2012-[Android MP3 Pro].mp3,129.19921875,152021,1235.9430894308944,0.385747305834607,0.30043977252793824,0.09026405691663929,0.485685812077484,0.2756047155925903,0.0759579592568726,0.25411081126407675,0.13697090542172122,0.018761028932046103,15.010050927514218,132.3401502309725,17513.91536315637,3.568897560603941,26.508896218534414,702.721578725028,0.004991188427102276,3.4549211923636776,11.936480445443655,0.24321295320987701,0.10649087280035019,0.011340306140482426,3093.017889394191,1074.0379109454964,1153557.4341481659,2801.1448756015093,445.88062813317407,198809.53454443387,21.152398684230008,7.876566886695242,62.04030592058398,6504.085670683775,1602.3903400995277,2567654.80204428,2.673889874010047,3.39646585100416,11.535980277037414,0.00677714056598088,0.06791407816618528,0.004612322013162724,0.14279883417182662,0.0934582660241853,0.008734447488247388,9.947811486199498e-05,0.1833495944738388,0.03361707180738449,-7.008605462033302e-05,0.14612671732902527,0.021353017538785934,2.020136054421769,1.302513209269516,1.696540660321574
4,relax,3,Ariana_Grande_-_11_-_Popular_Song__Feat._MIKA_.mp3,99.38401442307692,120674,1257.0208333333333,0.4133218189816672,0.301615051554762,0.09097163932438172,0.4897645288995763,0.2815333341812829,0.07926101825522992,0.2554956817715786,0.13436997406195164,0.01805528992940956,11.143309294339176,80.48092878938782,6477.179898802512,3.1615718225526077,27.15884909411012,737.6030841166462,0.011564189109985504,3.209898095714323,10.303445784870439,0.2111431360244751,0.09105390310287476,0.00829081330448389,2996.7074665687724,902.2065260211176,813976.6155950936,2772.9261919696687,430.66901084891913,185475.7969055864,19.228604136366688,6.35318326758352,40.362937631503215,6268.057931244558,1636.8284357700552,2679207.328145446,2.804957365166633,3.4457317427250422,11.873067242822957,0.006901386665126374,0.0709312493659159,0.0050312421366097435,0.14260023370984906,0.08276839844451876,0.006850607781070616,1.284535528611741e-06,0.15880145132541656,0.025217900052666664,-3.4961423807544634e-05,0.11953690648078918,0.014289071783423424,2.3103854875283445,1.0951969209595458,1.1994562956792696
5,relax,3,contiaz-feat-treyy-g-trumpsta-1380303665.mp3,129.19921875,162297,1277.9291338582677,0.4617962472950831,0.30458835076626545,0.09277406342251354,0.5501770925952137,0.2856202320358543,0.08157891694821526,0.26384267122320026,0.1171340180098829,0.013720378175139573,5.2626119809958665,58.14511554929945,3380.8544622413847,-1.7942732829607837,54.416142658811744,2961.116581864151,0.013202857731532765,5.57946875077761,31.130471540903862,0.13127774000167847,0.08460129052400589,0.007157378830015659,2247.8392047702523,1292.5776566782179,1670756.9985437526,2100.270242462198,866.0185809274845,749988.1825116541,20.968540886839996,7.856086598247152,61.7180966391585,4463.264677915779,2576.972370674655,6640786.599220552,1.368857393123454,2.037200942583039,4.150187680461223,-0.02372491753057578,0.059665352176151924,0.0035599542503042376,0.11634850280572756,0.09059840921153259,0.008208071751660313,-5.4436945902125444e-06,0.10298635810613632,0.0106061901897192,-6.445594772230834e-05,0.08517107367515564,0.007254112046211958,3.9195283446712024,2.0435090439497894,4.175929212704583
6,happy,1,David Guetta ft. Taio Cruz ft. Ludacris - Littl.mp3,129.19921875,159299,1274.392,0.4393785632391672,0.28700135569697666,0.08236977817190252,0.516474495384962,0.274116342955819,0.07513976947547218,0.25876003580739165,0.1279710014116117,0.016376577202290722,10.702057253445256,91.64985500032778,8399.695921581106,2.6967162687125983,25.89396058464311,670.497194759051,0.013828286781225009,2.491014584322783,6.205153659308806,0.20099413394927979,0.09480438381433487,0.008987870998680592,3047.948960873765,619.8644575996957,384231.9457953649,2807.786135041946,236.92078689617014,56131.45926350046,24.155373669654203,15.520156392870012,240.87525445914392,6550.8187214287445,890.6046193437822,793176.5879964832,2.4309093449468255,2.956962615949593,8.74362791212346,0.01277519200909037,0.054627751934847514,0.002984191281455236,0.12259940982972137,0.07018655990378823,0.004926153191128054,1.6162661268026568e-05,0.1704450100660324,0.02905150130391121,5.523966683540493e-05,0.09970620274543762,0.009941327385604382,4.137795918367347,2.2753968013482737,5.177430603585955
7,relax,3,David_Guetta_ft_Sia_-_titanium.mp3,123.046875,87938,945.5698924731183,0.370041314191478,0.30031740847320726,0.09019054583206323,0.5133128865996168,0.28096363860800244,0.07894056621984819,0.25879568161135924,0.12789889957558404,0.016358128512645332,16.029709496976942,127.94703994319937,16370.445030226654,0.853827705838566,44.30494845778209,1962.9284578467275,-0.00016250875284461449,3.2771303870723023,10.73958357387266,0.249830424785614,0.10450782626867294,0.010921885259449482,1979.1879446915993,1021.8907546826512,1044260.7145058784,2217.9416288089774,865.6563334567608,749360.8876538025,21.625640245345995,6.681265913566153,44.63931420778096,4182.133044546972,2419.5315439131336,5854132.891990673,2.799503282712591,3.397616316239243,11.543796632375123,0.01143297320893511,0.07035286093295584,0.004949525041451824,0.08898075446255804,0.06902798407987668,0.004764862586131707,4.255189196555875e-06,0.21429191529750824,0.04592102766036987,-8.01657915872056e-06,0.10135329514741898,0.010272490791976452,1.9748571428571426,1.2360013703380106,1.52769938747744
8,relax,3,David_Guetta___Showtek_feat._Vassy_-_Bad__Original_Mix_.mp3,129.19921875,154141,1253.178861788618,0.5241129639699743,0.2840677313837838,0.08069447601352953,0.46970818423395067,0.30924600987593936,0.09563309462418959,0.24865474728187206,0.1466429336433286,0.021504149987521672,13.5983960099604,142.0239121630173,20170.79162608845,4.361235922651686,36.89872636544604,1361.5160073920626,-0.00288299504561636,4.027836654181415,16.223468112767332,0.2127823531627655,0.12905794382095337,0.016655953601002693,3288.3208672093897,1489.7672896982424,2219406.577454847,2823.6298674665313,663.344576905446,440026.02770986524,19.44213614680028,6.976656685787146,48.673738511338485,6659.359731762771,2270.88954961076,5156939.34653136,2.0468800454674483,3.3062041431623967,10.930985836264197,-0.002618595893716296,0.066109606048799,0.004370480011927401,0.14827895976441563,0.13615314339052564,0.018537678455121036,7.379145972663537e-05,0.1657240092754364,0.027464445680379868,-0.0008551137871108949,0.15424029529094696,0.023790067061781883,1.6253968253968254,0.9825086933773409,0.9653233325620498
9,relax,3,DEV - In The Dark.mp3,123.046875,160556,1284.448,0.43132474806404036,0.29690950175779734,0.08815525223406345,0.5769155078497596,0.2632915480349782,0.06932243926665523,0.26901323543506483,0.10471491056240143,0.01096521249409173,18.961454229645614,161.21205046437146,25989.32521492705,4.77028289499706,30.447447572025652,927.0470636512507,0.013476830236068374,3.126356109868537,9.77410252571233,0.2722046673297882,0.10998266190290451,0.01209618616849184,2581.2065865128857,1069.6987484030433,1144255.4123350375,2528.4855793290253,517.096346991185,267388.632071628,23.203885003792116,14.66954538292787,215.1955617417804,5255.480720827085,2020.390735146618,4081978.7226662915,3.1709845356468715,3.678206388759364,13.529202238310202,0.0030082613947715903,0.052637445268975076,0.002770700644444347,0.11719297993662926,0.08230075191724674,0.006773413766144193,-1.142671135312412e-05,0.20562604069709778,0.042282067239284515,5.003754995414056e-05,0.14744721353054047,0.021740682423114777,6.485333333333332,2.738134819764327,7.497382291205824
10,relax,3,dillon-francis-amp-dj-snake--get-low-.mp3,198.76802884615384,240221,1271.010582010582,0.4598053236302505,0.29998103227457984,0.08998861972452252,0.5273300255062291,0.2832329074065709,0.08022087983797917,0.25873376582790253,0.12288279811984618,0.015100182073762871,6.420355656787206,59.61320708418942,3553.734458862452,-0.3962341603175745,48.62783132348408,2364.6659792252194,0.011887932409873654,2.9856801241866564,8.91428580396325,0.15661217272281647,0.0691697895526886,0.004784460179507732,1911.5722165807001,1065.936996503384,1136221.6805146555,1804.3137626147204,796.7132604250662,634752.0193371393,19.567615861845557,7.829684854739394,61.30396492453544,3721.598329337389,2120.400843052622,4496099.735218269,2.017585372165147,2.517182234372726,6.33620640104167,-0.006528304625541503,0.051112499792993246,0.0026124876350887343,0.0940778513810952,0.07199944214594586,0.005183919669327406,1.8255459508509375e-05,0.1270267367362976,0.016135791316628456,2.2877966330270283e-06,0.07932806015014648,0.006292941514402628,4.9795192743764165,1.8294535740642957,3.346900379656625
11,happy,1Don_Diablo_amp_Matt_Nash_feat_Noonie_Bao-Starlight_Could_You_Be_Mine__iPlayer.fm_.mp3,129.19921875,161819,1274.1653543307086,0.389211777000567,0.31016503007234475,0.09620234587977854,0.4181059993341121,0.2897922934953354,0.08397957336928663,0.22536422186625876,0.18040039034311717,0.03254430083594904,5.187757911071105,43.71214963725866,1910.7520259100925,2.5015110866415156,31.776652563654284,1009.7556481511965,0.003888194922083678,2.3073564964003146,5.323894001480735,0.14363081753253937,0.052579980343580246,0.0027646543458104134,2626.6211648730414,744.5820505295842,554402.4299708402,2666.9618052933424,359.7483158637634,129418.85076681411,21.37705230169511,6.851974138813786,46.949549598972915,5725.4528789697415,1337.9364360120824,1790073.9068087132,1.5805979140954527,1.7259852639032565,2.9790251312111935,-0.020788796820539808,0.09000044373645975,0.008100079872759658,0.1078377832938274,0.07871982558469222,0.006196810940084364,-1.3782749192614574e-05,0.13935811817646027,0.01942068338394165,-1.2961094398633577e-05,0.03683929145336151,0.001357133500277996,8.205931972789116,3.1030270289718906,9.62877674253012
12,relax,3,Fast & Furious 6 soundtrack  2 Chainz - We Own It ft. Wiz Khalifa.mp3,86.1328125,109502,1288.2588235294118,0.43210141413833336,0.2957758910849559,0.08748337774709969,0.5446393493029076,0.26437201724516146,0.06989256350227596,0.26280476502502714,0.11944450097628435,0.014266988813473594,16.945401698121945,134.6916486227624,18141.84020871769,4.524011226386956,34.049611819323914,1159.3760650466427,0.01258971486690122,2.8343712449907112,8.033660354430195,0.24796098470687866,0.12295982241630554,0.015119118615984917,2186.492620551749,892.9371473630767,797336.749140909,2340.802945077185,564.7127353647917,318900.4734831853,19.34082617033807,6.937550365064648,48.12960506780863,4546.797506137529,1915.3802569490672,3668681.5287102745,3.1492463270924764,3.885750939740898,15.099060365697271,0.01379373007596848,0.0579235592181518,0.0033551387124987385,0.09866777071642802,0.06305341191536852,0.003975732754169138,5.705907824449241e-06,0.17318032681941986,0.029991425573825836,0.00021720990480389446,0.15157312154769897,0.0229744091629982,10.273668934240364,3.358688183014976,11.28078631072444
13,happy,1,First Of The Year (Equinox) - Skrillex [OFFICIAL].mp3,143.5546875,159848,1718.7956989247311,0.4077894213606121,0.3016233528100214,0.09097664696035865,0.5921172607301548,0.2496821873904468,0.0623411947000782,0.27555883096519046,0.08602711206608611,0.007400664010430938,5.042776630133953,53.60018193448823,2872.979503410239,-4.338313397842704,48.829253128407565,2384.2959610781,0.015177678724711367,2.2973677187885775,5.2778984353318315,0.13026024401187897,0.0927165225148201,0.00859635416418314,2789.926932668485,1504.7849255136816,2264377.672053216,2381.591400262885,821.0362523587655,674100.5276873264,19.929172251247692,7.000565479680289,49.00791703529132,5399.167351973684,2854.6855652171625,8149229.67625923,1.566234694856528,2.237128599470045,5.004744370566804,6.681336881581098e-05,0.055876722722532024,0.0031222081422107263,0.16450316249032507,0.12115795362499146,0.01467924972659558,-8.363167580682784e-06,0.08578069508075714,0.007358327507972717,-8.48484160087537e-06,0.10878942906856537,0.01183514017611742,20.34880725623583,3.116886698829907,9.714982693342794
14,relax,3,I Knew You Were ..-Taylor S...mp3,151.99908088235293,194777,1281.4276315789473,0.36645215081533633,0.3135669296646436,0.09832421937931156,0.48977234220123433,0.276968262278661,0.07671141830966115,0.2596491611248989,0.1261572291248885,0.015915646460469612,4.2943227941788145,51.90422503796798,2694.0485767920222,-0.47307457483851717,47.21003865595422,2228.787749896692,0.011350466373269233,3.9846400222579677,15.877356106979976,0.11940419673919678,0.07153849303722382,0.005117755848914385,2697.7887556010783,960.7247071170978,922991.9628652332,2751.845568779082,545.2311848508875,297277.0449339027,22.93752677842502,9.570749410743005,91.59924428323758,5852.4771108715895,2072.8124159134986,4296551.311565155,1.200636294787096,1.634406653476231,2.6712851089273726,-0.009777540682611526,0.07138452700767203,0.005095750696109058,0.1149875888883514,0.07756908553377041,0.006016963030545391,-0.00013511591532733291,0.08873260766267776,0.007873475551605225,8.66893315105699e-05,0.08220332115888596,0.006757386494427919,2.2790385487528346,1.2746100202772281,1.6246307037911158
15,relax,3,Iggy_Azalea_Ft_Rita_Ora_-_Black_Widow_-_MobilMp3.Net.mp3,161.4990234375,209800,1287.1165644171779,0.37234694900338694,0.30972846610306665,0.0959317227145585,0.42482173080569324,0.3083418439349622,0.09507469272121259,0.2298130835232246,0.17469768165285057,0.03051927997488072,25.331778714345955,239.92833242853837,57565.60470193922,3.2649844799204466,33.70682893068525,1136.1503165624802,0.015416599286813196,3.8517171205123404,14.835724776447874,0.31136471033096313,0.13275009393692017,0.017622588202357292,2302.2990532712465,951.5403193872064,905428.9794195067,2408.332709818261,630.5847370225432,397637.1105657899,20.181170661255422,6.61514796996184,43.76018266449025,4752.971259433049,2114.2712186702215,4470142.786097264,3.31310830268488,3.9992177197022603,15.993742369580547,0.0003498901079949655,0.09566624672057418,0.00915203076160177,0.08762985560178019,0.061059360679268954,0.003728245526561056,5.395294283516705e-05,0.2939186692237854,0.08638818562030792,0.00015512866957578808,0.12025056034326553,0.014460197649896145,3.412172335600907,1.8265630896020493,3.3363327202965842
16,relax,3,INNA  In Your Eyes-[Audio Search Engine].mp3,172.265625,217049,1276.7588235294118,0.35023252697421037,0.3092133764167823,0.0956129121550667,0.46801038997842465,0.28290717978465946,0.08003647237370964,0.25160413722289576,0.14152275953236484,0.020028691465655567,10.07586695773257,73.06901990730184,5339.081670213673,2.907123673606437,34.46675136428483,1187.9569496074303,0.009584053059827024,4.260207939771506,18.149371690092185,0.2043175995349884,0.08509940654039383,0.007241908926516771,2712.7884490667084,930.4479845626616,865733.4519767191,2706.0480610755117,487.8427227818598,237990.5221712185,20.490067004262453,6.841755723693432,46.80962138269184,5699.157204642754,1879.2641101186214,3531633.5955799343,2.54080913895616,3.2325541447442663,10.449406298703334,0.004369300364957801,0.07743604807518534,0.0059963415415024155,0.12838716772687694,0.08318486057526636,0.006919721028926503,-0.002301024040207267,0.1608099490404129,0.025859838351607323,0.0014173925155773759,0.1076229065656662,0.011582690291106701,3.5700680272108842,1.8011842448660556,3.244264683953703
17,relax,3,INNA - Cola Song (feat. J Balvin).mp3,123.046875,156021,1278.860655737705,0.38445178050340045,0.30151465852649934,0.09091108930635151,0.4980356584257035,0.2824083291512161,0.0797544643739816,0.2607765710355035,0.12380998882278582,0.015328913332298352,21.429211150955066,209.13872713287458,43739.00718675897,4.335443306073937,25.595509020305876,655.1300820085595,0.014015160822131858,4.088361650933814,16.714700988826262,0.2983422577381134,0.12218586355447769,0.014929384924471378,2973.5678577304234,946.9727348448198,896757.3605394773,2652.9632526326727,431.6300677331667,186304.5153713381,20.33405840629445,6.733442923415651,45.33925360289631,5941.955736473249,1671.8680999511896,2795142.9436344006,3.5289179582778787,4.139305904084597,17.133853367589598,0.01971233868538927,0.0597652370096272,0.003571883554816913,0.14381111074158281,0.08118665994702048,0.006591273753353139,0.00020155275706201792,0.23638157546520233,0.05587625131011009,0.0008572186925448477,0.15744154155254364,0.024787837639451027,2.253496598639456,1.3005760675785423,1.6914981075580648
18,relax,3,INNA feat. Play&Win - INNdiA.mp3,151.99908088235293,193727,1266.18954248366,0.39316561295336394,0.3013854873469894,0.0908332119833823,0.5308747035425744,0.2777739401534317,0.07715836182836226,0.2638063777429444,0.11721573441940408,0.013739528395480271,18.733579964501068,187.94340672096942,35322.72412988373,3.318915272831306,36.2517198188668,1314.18718982562,0.014633652493626116,3.6141555631775537,13.06212043484726,0.2534942030906677,0.13470345735549927,0.018145021051168442,2083.266763513295,689.1281951100195,474897.6692955932,2242.562139233335,367.7103707448727,135210.91675333175,23.06831427058634,10.351871784835277,107.16124944966872,4498.53946461397,1395.249676831572,1946721.6606986064,2.8343671861746205,3.7368542979061976,13.964080043780022,-0.010885917151950931,0.053701565240847716,0.0028838581093170237,0.09133372587316177,0.06331435418658223,0.004008707446063982,-2.4489347651979188e-06,0.21000397205352783,0.04410167038440704,-1.2901926993436064e-06,0.13947716355323792,0.019453877583146095,2.006204081632653,1.2491256560130177,1.560314904509952
19,relax,3,Jason Derulo -.mp3,112.34714673913044,138921,1361.9705882352941,0.4139984988375632,0.32178082543323594,0.10354289961649465,0.50142805486866,0.28629142500271915,0.08196278003008757,0.25339971879442713,0.13828201563557918,0.019121915848238562,8.39911927459087,122.04661984837371,14895.377416413448,-3.25440314687083,43.77713441299114,1916.437497413093,0.01031566372171991,2.8745675750875685,8.263138743744824,0.15154114365577698,0.1217498928308487,0.014823036268353462,2694.588031557228,925.3762072269528,856321.1249017403,2640.482528400358,478.4158350297153,228881.7112071798,19.86614023161014,7.288146136068047,53.117074100683595,5712.961287838018,1842.6891796102304,3395503.412652624,1.6282567415235687,2.240315874701939,5.019015218441515,0.004507455583014871,0.08010181508764891,0.006416300780335898,0.13084652549342105,0.07702404611414045,0.005932703679793234,-2.8493002901086584e-05,0.16435526311397552,0.027012651786208153,7.849173016438726e-06,0.07445301860570908,0.00554325245320797,7.4001995464852595,1.345898357681685,1.811442389210257
20,relax,3,Jason_Derulo__quot_Trumpets_quot_.mp3,161.4990234375,194443,1507.3100775193798,0.30898143317796933,0.3076746286829311,0.09466367713517954,0.4626269964540166,0.2850770244532636,0.08126890987112666,0.25141844808631114,0.1418523785320648,0.0201220972952042,5.908028718750022,91.31887850868677,8339.137572084293,-7.939531064276978,53.29016937432721,2839.842151944482,0.0059958286698236765,3.37521645684413,11.392086130551444,0.1272689253091812,0.1060619205236435,0.01124913152307272,2241.0790269616155,1192.0811375910764,1421057.438600435,2134.5924323999566,757.4929277455818,573795.5355845732,21.260783982280667,7.371586900123617,54.34029342607412,4434.552351535289,2398.6309549344346,5753430.457969677,1.4525050987186763,2.326001885755365,5.410284772537513,0.020960994995362255,0.08546334055548327,0.0073039825789025115,0.10853827036571208,0.07778427659093712,0.0060503936847754085,-6.58507997286506e-05,0.10274296998977661,0.010556118562817574,0.0006582951755262911,0.09925490617752075,0.009851536713540554,14.699392290249435,1.8392706946199577,3.382916688087782
21,relax,3,Leyla ile Mecnun Sevdalılar Beni Anlar - Ali Atay - YouTube.mp3,112.34714673913044,132526,1238.5607476635514,0.3805760500841157,0.2967390893829379,0.08805408716781521,0.49712104787035866,0.27191961305284823,0.0739402759628107,0.26426187836887427,0.11618516675672344,0.013498992974287635,1.783483639144227,9.832853051494268,96.68499913228014,-0.18358296787632186,38.79411230209996,1504.9831493079437,0.008900118875207811,2.5573707768260032,6.540145290163636,0.08555837720632553,0.03300393372774124,0.0010892597492784262,2876.843604950494,819.4851536571896,671555.9170645475,2925.703356123932,430.0774788951775,184966.63785283183,21.247563285895836,10.256476217129046,105.19530439253374,6551.04788670968,1662.7025102159828,2764579.6374785304,1.0512715392688587,1.260743930644184,1.5894752586561474,0.0015679623567389338,0.06924334634651277,0.004794641013263125,0.1247218459752322,0.06557041358815943,0.004299479138122284,-0.0005307599785737693,0.06567681580781937,0.0043134442530572414,-0.0003767691960092634,0.0449315644800663,0.002018845407292247,1.577795918367347,0.8685155470897056,0.7543192555365306
22,relax,3,Linkin Park - Numb.mp3,112.34714673913044,122912,1280.3333333333333,0.3479743887111468,0.291769512063154,0.08512944816957096,0.4501947491174524,0.27810874308206107,0.07734447297868385,0.2423634534536095,0.1568224785015637,0.024593289763373407,5.57809144845758,34.14639904488804,1165.976567732731,2.0923288720432303,42.58898005013264,1813.821221710596,0.01224080810335657,2.313690342074609,5.353162999009321,0.1467868536710739,0.06605009734630585,0.004362615756690502,2320.242555546992,759.834620998996,577348.6512686879,2314.7201355783827,514.4520953260238,264660.95838533633,23.988220630976848,14.678768601417053,215.46624765394714,4698.588254946304,1586.787344331423,2517894.0761303697,1.9771015932493086,2.417262948304521,5.843160161245867,-0.011784749014977974,0.07866502363187725,0.006188185943003806,0.11012612924487229,0.05488354915536136,0.003012203967888966,-1.769378468452487e-05,0.1263977736234665,0.015976397320628166,-0.00019233366765547544,0.06345175951719284,0.004026126116514206,6.135873015873015,1.5967813451371453,2.549710664177991
23,relax,3,Maroon 5 - Moves Like Jagger (LYRICS) - ft. Christina Aguilera [HQ].mp3,129.19921875,156071,1268.8699186991869,0.39576374794322355,0.3261586349284645,0.10637945513839937,0.553698909878674,0.280909807293534,0.07891031983369039,0.2716598358379197,0.0946243709084013,0.008953771569810701,12.416739291946737,118.94974615176547,14149.042109569442,0.5917497504674554,42.19371644521261,1780.309707459005,0.013143288024023316,3.9365772701706243,15.496640604024003,0.20950676500797272,0.10450722277164459,0.010921759530901909,2186.4395605975737,929.9117323136433,864735.829894561,2224.5986667132142,647.1314030006764,418779.0527496239,23.588032814997728,13.779757954735857,189.8817292911061,4535.964238311484,1893.281238119226,3584513.846614269,2.0154800938418727,2.5551062426841673,6.528567911403602,-0.0033808536303798872,0.054915527139970874,0.0030157151210608774,0.09148791995210913,0.06443903887136626,0.004152389730665451,2.3725498977000825e-05,0.14963996410369873,0.022392118349671364,-0.0001411698031006381,0.1371053159236908,0.018797867000102997,4.215582766439909,1.6765623311650295,2.8108612502815182
24,relax,3,Maroon 5 - One More Night.mp3,92.28515625,114678,1274.2,0.342988252221027,0.3072833757151108,0.09442307299087392,0.5071711289338899,0.2675060443777024,0.07155948377860531,0.26665768650612726,0.11057581815448285,0.01222701156053326,2.398003625760853,19.172924218836307,367.6010231012399,-4.4753084719028235,42.151887436870105,1776.7816144905676,0.009770358277914053,3.340431592723026,11.158483225662092,0.09474635869264603,0.047305863350629807,0.0022378447465598583,2957.364636232654,915.0461820332926,837309.5152537057,2670.3788882952,363.57720806549156,132188.38622469772,24.009689793031846,14.838152622152071,220.1707732382784,6119.704661649816,1474.1438435490063,2173100.0714734374,1.0778956611973254,1.3919105783696821,1.9374150581774232,0.007015294710024768,0.0651430402786593,0.004243615696747029,0.14001672703415247,0.08802342623093974,0.00774812356543369,-4.449871084943879e-06,0.07400725036859512,0.005477072671055794,-3.507139626890421e-05,0.0573580302298069,0.0032899437937885523,2.8990113378684805,1.6266945515908697,2.646135164175421
25,relax,3,Milk_&_Sugar_vs_Vaya_Con_Dios-Hey_(Nah_Neh_Nah).mp3,129.19921875,162364,1411.8608695652174,0.49296878525941656,0.30051244276457917,0.09030772825633449,0.49582325907473235,0.2888024825622318,0.0834068739341082,0.2525911739617208,0.13975346925916726,0.019531032169973008,21.606297280161574,243.22819476724652,59159.95472973361,6.201286619521527,29.061440721705083,844.5673368211785,0.004915752872990683,4.19850753956366,17.627465559772897,0.27207496762275696,0.14407207071781158,0.020756760612130165,2734.7794005671026,1172.8213044170127,1375509.812094423,2844.095086433529,493.2220346713423,243267.9754853388,19.33568793069237,6.523554163057416,42.556758918343746,5968.343076912612,2390.1013933639006,5712584.670560058,2.5575985091281144,3.0153544978931928,9.092362747964708,-0.012153044180259765,0.05740700601369407,0.0032955643394563068,0.10956301851538312,0.08107049505405078,0.006572425168308873,-1.1499837455630768e-05,0.21834540367126465,0.047674715518951416,-0.00010015422594733536,0.1346755176782608,0.01813749596476555,6.238040816326531,2.090973032052831,4.372168220772209
26,relax,3,mp3indirdur-Akcent-Faina-feat-LIV.mp3,129.19921875,160497,1283.976,0.36516584035694555,0.30157210623421404,0.09094573525854009,0.4955508142333246,0.27649818899842044,0.07645124851940624,0.2554131052207219,0.13452687097692334,0.01809747901484178,11.727162159235688,129.10611922072658,16668.390020236464,-0.19617792989819133,30.366735239814048,922.1386091249644,0.012228394137314228,2.62004661180366,6.864644248023839,0.20312899351119995,0.11026476323604584,0.012158317491412163,2824.96496248721,819.0386321515509,670824.2809566836,2699.691877731108,396.76225065580405,157420.2835454591,21.055043686504447,6.359995191720536,40.449538838708335,5996.101242396116,1449.37570425949,2100689.9320976925,2.382918077645071,2.9461074300960903,8.67954898966739,0.015687976039123485,0.07273530132481007,0.005290424058810917,0.12521560716186145,0.076888827426309,0.005911891782992727,3.7241393329168204e-06,0.14739885926246643,0.021726425737142563,-0.00016146342386491597,0.11351308226585388,0.012885220348834991,5.794539682539682,2.708610197957166,7.336569204477558
27,relax,3,mp3indirdur-Akcent-Kamelia-feat-Lidia-Buble-DDY.mp3,129.19921875,165441,1292.5078125,0.4050270102301483,0.30613074260367173,0.0937160315670755,0.4176171530124193,0.29268935341019137,0.08566705759967591,0.24104256719476505,0.15884525215910772,0.025231814133490512,15.443819538726608,169.41337392203712,28700.89126364797,4.676876817333339,25.92748017519829,672.2342282353004,0.012991924720995031,2.637976848847976,6.958921855057897,0.23955579102039337,0.11186578869819641,0.012513955123722553,2937.5524857317682,770.5850802069172,593801.3658375009,2832.7600913148262,321.8988324926953,103618.85836016032,20.696026628454725,7.092595966896169,50.3049175496318,6542.63960422008,1193.0049834172437,1423260.8904583778,2.4825924250991345,2.8968041077190243,8.391474038497812,0.0075733224912497305,0.08434544291056291,0.007114153739779028,0.11417731412054953,0.06943973093959005,0.0048218762329626606,0.00012031766527798027,0.21472610533237457,0.046107299625873566,-0.0003354267682880163,0.11102084070444107,0.01232562679797411,6.768616780045352,4.012959733651812,16.10384582391082
28,relax,3,Naughty Boy La La La ft Sam Smith-[Audio Search Engine].mp3,123.046875,150449,1551.020618556701,0.3504775220401559,0.32348609591501143,0.10464325425033597,0.3445393767334948,0.31154287087347277,0.09705896039208534,0.2028213799141373,0.20541864857665315,0.04219682118305852,1.366789553863867,15.645402595340864,244.77862237029865,-7.556293840516262,79.15777340845881,6265.953090984908,0.01169367262346399,2.6135708603317434,6.83075264197521,0.05982082337141037,0.048448871821165085,0.002347293309867382,1610.5595680120668,1090.0488468763645,1188206.4885764916,2033.6465667626942,839.8158304019286,705290.6289936808,21.238669002794627,6.444274569701492,41.52867472970136,3434.845896623452,2459.6170491340104,6049716.028390697,0.4851141344831955,0.815990244838771,0.6658400796720374,-0.03256266689790892,0.11219692244348183,0.012588149405788677,0.04641695288312694,0.040906583289773736,0.0016733485564431958,7.097391062416136e-05,0.06466244906187057,0.004181231837719679,2.9085400456096977e-05,0.03336353600025177,0.0011131255887448788,16.400253968253967,2.326786603536354,5.413935898396243
29,relax,3,Neon_Jungle_-_Braveheart.mp3,129.19921875,164141,1302.7063492063492,0.3538035297302685,0.3013612219450887,0.09081858609223702,0.5120161678399612,0.27715945795107955,0.07681736513173623,0.2564688986525827,0.12942485776392798,0.01675079380721299,14.288200658972317,99.79593968550566,9959.229577713082,2.703881454233541,33.14746391904174,1098.7543642641742,0.012273857627490153,2.991226161140049,8.947433947088635,0.24035200476646423,0.09608491510152817,0.009232311509549618,2560.9025243586075,1021.1094388118872,1042664.4860307272,2467.7497662925794,608.2986693921276,370027.271184233,20.30968132179612,6.723770578560727,45.209090793118854,5195.276918204576,1964.11495745013,3857747.5660793264,3.0080983146607028,3.5245378977522734,12.422367392692015,-0.0033928239525553355,0.06897496422654008,0.004757545690052483,0.12071468955592106,0.07900761100679392,0.006242202597000864,-8.235811037593521e-06,0.17844897508621216,0.03184403479099274,-0.00047005125088617206,0.12268353253602982,0.015051249414682388,4.68346485260771,2.0231910384754905,4.093301978167533
30,relax,3,R3hab__amp__NERVO__amp__Ummet_Ozcan_-_Revolution__Official_Video_.mp3,129.19921875,153798,1250.3902439024391,0.4439915259917462,0.28883425669121376,0.08342522783836595,0.38716480720901214,0.29202400638606407,0.08527802030576798,0.2247464369497254,0.1811694577232499,0.03282237241173644,14.794144154700184,83.49099630402814,6970.746463839241,6.7638824001064455,42.57049771991378,1812.2472761211845,0.013260118612695004,3.5149345623270163,12.354764977441015,0.23990796506404877,0.09558793157339096,0.009137052111327648,1882.9017407409367,1047.5748511596487,1097413.06878216,2281.0286672330135,590.0761480977567,348189.8605538857,20.71075688677806,6.791470725037375,46.12407460903969,3878.301548441128,2139.6299319920286,4578016.245876213,2.734155576691502,3.275618904780973,10.7296792093585,0.010473582835107813,0.0986003595247387,0.009722030898407728,0.0763336276122291,0.07421575041590882,0.005507977609796469,-0.00016715160745661706,0.19505250453948975,0.038045477122068405,-0.0008133709197863936,0.11681748926639557,0.013646326027810574,4.522086167800454,1.603116750841268,2.5699833168278645
31,relax,3,Selçuk Balcı-Beklesin Beni Yarim.mp3,80.74951171875,101003,1262.5375,0.27135838763473746,0.2998859312559404,0.0899315717652426,0.43472601517238274,0.2728690994927263,0.07445754545797138,0.24622681671761093,0.15068406704905912,0.02270568806244535,2.4497666121783714,19.0805501265637,364.0673931323101,-7.157845794255953,51.21892777560447,2623.3785624825873,0.013529620544343812,2.3259143028711464,5.40987734430057,0.09712358564138412,0.04069427400827408,0.001656023901887238,2092.186291903477,957.7364381411633,917259.0849433223,2240.498303455663,400.8700612949423,160696.80604261075,26.693219692589988,10.161819841949745,103.26258250024352,4589.51808114539,1628.4955660789196,2651997.808738701,0.9733247024501466,1.1264766348995328,1.268949608974575,0.0019827697764380906,0.08864754478363895,0.007858387196167275,0.09940567252805728,0.08220283948763761,0.006757306819830312,7.505660164497385e-07,0.09101983904838562,0.008284611627459526,1.8276025002705865e-05,0.03203553333878517,0.001026275334879756,20.475356009070293,14.243279169448321,202.87100149884049
32,relax,3,Skrillex  Bangarang feat Sirah-[Android MP3 Pro].mp3,143.5546875,185817,1281.496551724138,0.44501001346630353,0.3098448997445302,0.09600386189769798,0.5027196999546188,0.28104803891385977,0.07898800017732643,0.25492551431368293,0.1354485713665432,0.018346315485237547,25.336743795492552,211.0902390938763,44559.08904070986,5.1957111300246295,26.404569596470672,697.2012955748634,0.011789671240839886,2.6311907277756674,6.923164645932647,0.3306329846382141,0.12238048762083054,0.014976982958614826,3497.3557889649287,960.9628468734492,923449.5930711242,2866.1183382782433,583.4066463445528,340363.314998998,19.22598706096744,7.3224876342224645,53.61882515334091,7036.207453016157,1668.7181425562167,2784620.23929627,3.917511447191913,4.578560164862519,20.963213183265896,0.010399255988789177,0.05834253977638071,0.003403851947558565,0.17154488105892027,0.09039942612277983,0.008172056243327928,8.158438868122175e-05,0.25008323788642883,0.06254162639379501,-0.0002251257246825844,0.17207546532154083,0.029609965160489082,1.7716825396825395,0.7808639788153806,0.6097485534113872
33,relax,3,Skrillex & Damian  Jr. Gong  Marley - Make It Bun Dem [OFFICIAL VIDEO].mp3,143.5546875,178733,1304.6204379562043,0.4378480984364529,0.30583392384444985,0.09353438897409276,0.4854702024574137,0.27791447921222845,0.07723645775580415,0.25083284685987,0.13992041658547433,0.019577722977452677,17.741334693136405,173.26276936460565,30019.98724789253,3.2193096887972397,30.797016656555645,948.4562349441659,0.014328054194129936,3.1258479062136257,9.770925132780107,0.25095507502555847,0.15294529497623444,0.023392261937260628,3311.7122076672536,1065.5793100487806,1135459.2660040352,2733.543669741633,632.6840955770654,400289.16479616915,19.036116166973038,6.804141728164303,46.29634465694671,6572.735255569128,1918.3404725659975,3680030.168684735,3.0785285481768003,4.030506197825173,16.24498021070713,-0.009971329809195302,0.0587547057644134,0.003452115449462793,0.16600447616340944,0.10071087916805344,0.010142681182802258,7.949722930788994e-05,0.2010176181793213,0.04040808230638504,0.001234938157722354,0.16452956199645996,0.027069976553320885,4.688108843537415,1.6754110443509305,2.807002167533075
34,relax,3,Skrillex_-_Cinema__Official_.mp3,143.5546875,132137,1083.0901639344263,0.39176023667294746,0.30344717802944016,0.09208018985403076,0.5953703962101234,0.2362596185057845,0.05581860733649883,0.2773221621471274,0.08016078664394272,0.006425751715375705,7.302542492903422,42.114551484597285,1773.6354467487954,0.0569575583127703,24.6840393821031,609.3018002172169,0.006110680035766609,2.371668054171604,5.624809359178123,0.18086808919906616,0.06542184203863144,0.004280017223209143,2963.1460431353003,782.7131620732654,612639.8940827298,2670.9097563054,321.7020731771902,103492.22388650224,22.838398457840785,15.382341638368079,236.61643427947234,6170.529354319853,1335.4668997324543,1783471.840281013,2.606261522763779,3.0272667550227,9.164344006065669,-0.00695219822425115,0.053633767228144155,0.00287658098708275,0.14649968102989552,0.05834645815708031,0.0034043091794759236,5.215084115661739e-07,0.1260523945093155,0.015889206901192665,5.8625038946047425e-05,0.09791819006204605,0.009587971493601799,1.5522539682539682,0.8617786724344328,0.7426624802628534
35,relax,3,Snoop Dogg ft.﻿ Dr. Dre - Smoke Weed Everyday.mp3,135.99917763157896,173897,1337.6692307692308,0.4813138968481266,0.28729776036201865,0.0825400031090319,0.4772714944636321,0.27327944739701704,0.07468165636961901,0.24811555270548943,0.14755339995738093,0.02177200583898282,11.33186687196587,92.69493954584628,8592.351817408096,5.322734933253564,27.77450943514932,771.4233743631985,0.013364822681649853,3.0354097615725126,9.213712420649697,0.21654373407363892,0.08402711898088455,0.007060556672513485,2732.4352136675448,900.8331964553072,811500.447835886,2653.148498203566,364.5932767412582,132928.2574449277,18.530187508350334,7.366372641481818,54.26344589317181,5782.6233666009575,1583.4506383182866,2507315.923990589,2.890918836519385,3.361568887223646,11.300145383550024,0.01070991554783482,0.05139820956786818,0.0026417759467824964,0.12953606478570046,0.07985347578482602,0.006376577594917795,2.4584007405792363e-05,0.1562589704990387,0.024416863918304443,0.0007232396746985614,0.11354102939367294,0.012891565449535847,4.474485260770975,1.519073142688749,2.307583212838272
36,relax,3,The_Cataracs_ft._Dev_-_Top_Of_The_World_-__MP3Juices.to_.mp3,123.046875,156920,1275.7723577235772,0.3843959285615256,0.31856718817582735,0.10148505338225298,0.5229259334920018,0.2758367510874503,0.07608591325048003,0.26144849986322577,0.12238470187324144,0.014978015252602186,18.709634809894126,163.90188115078067,26863.82664476463,4.224387678003428,29.49210199039206,869.7840798116873,0.011971391316610827,2.5142811163169565,6.321609531868041,0.27135658264160156,0.10865605622529984,0.01180613785982132,2625.508317352148,845.0610018258551,714128.0968069178,2704.2570707933132,390.4905586285084,152482.87637800453,19.35179456762743,7.347040098664015,53.97899821137695,5699.365536716331,1614.168147412221,2605538.808120202,3.35009281418811,3.876763296802842,15.02929365943764,0.007951680104833,0.06808940520032457,0.004636167100533987,0.11281772294649768,0.07649977427036189,0.005852215463416323,-6.39688951196149e-05,0.21359016001224518,0.04562075436115265,0.0004467075050342828,0.12527015805244446,0.015692614018917084,2.991891156462585,1.8654495225094796,3.4799019210308457
37,relax,3,The_Chainsmokers_-__SELFIE__Official_Music_.mp3,129.19921875,162928,1282.8976377952756,0.4634583108243531,0.29184668932372554,0.08517449006921918,0.5191086096085933,0.2770348398275847,0.07674830247829552,0.26907508685278486,0.10455587486363276,0.010931930968499632,22.993354136265996,194.0421428310988,37652.353194484545,3.5112807145670506,25.603996037726223,655.5646130999,0.014289438211842899,3.17409839907395,10.074900647003814,0.31323865056037903,0.10331685096025467,0.0106743723154068,2874.711786827117,835.9233514612167,698767.8495181528,2736.6425304100803,456.01706502781155,207951.5635965793,20.11212807714776,6.91557719242846,47.825207904436695,6120.1546589287445,1494.2892201785262,2232900.2735417476,3.7509725358532626,4.3667406427663344,19.068423841187343,-0.007533055684116044,0.05602530873320689,0.003138835218651148,0.12913508459510448,0.08327417106276903,0.006934587566191319,4.654712029150687e-06,0.24123887717723846,0.05819619819521904,-0.00016265800513792783,0.1438635140657425,0.020696712657809258,3.41101133786848,1.8158821075295517,3.2974278284459664
38,happy,3,Tonight alive - the edge.mp3,86.1328125,100405,1224.4512195121952,0.38484638621055134,0.2852489513807781,0.08136696426383352,0.5641973545694422,0.246566955181513,0.06079526338748224,0.26766239050695717,0.1081211267118249,0.011690178041434497,13.044240682394566,58.03929442554857,3368.5596974155133,6.854915351956983,20.1891218638224,407.6006416322716,0.01286417648749986,1.8826370039497053,3.5443220886407225,0.24716706573963165,0.05134257674217224,0.0026360603515058756,2881.881092111403,531.0832035813468,282049.36912622623,2760.428686724185,230.28219967730638,53029.89148821881,19.492815627651474,6.435411629700048,41.414522843678625,6179.341801032193,915.9146529418364,838899.6514735647,3.6567142355569997,3.9641760159175528,15.71469148517596,0.006532064944412245,0.061141190212356956,0.0037382451405836145,0.13826428109278252,0.04814801889544342,0.0023182317235559764,-5.601643806585344e-07,0.17624680697917938,0.031062936410307884,-2.107592263200786e-05,0.11768827587366104,0.013850530609488487,9.59912925170068,5.413185512227646,29.30257738979129
39,relax,3,Umut Kaya - Canım Çok yanıyor.mp3,123.046875,158533,1288.8861788617887,0.3752614828278223,0.301198453327042,0.0907205082866023,0.5307835816139808,0.2651909706925414,0.07032625093685235,0.26210057112150126,0.12098191580197512,0.014636623951116198,1.9731956963180077,10.699232410119395,114.47357416574926,-2.643818764457595,48.69970520461131,2371.661287016046,0.01120534627931529,2.641738243971274,6.978780949660431,0.08757518976926804,0.03900773078203201,0.0015216032043099403,2541.6218521235087,908.133834235873,824707.060883948,2543.465525022229,656.1629817182982,430549.85857744777,19.980617079581744,6.712739664719471,45.06087380629807,5509.145853615398,1842.302935867125,3394080.1075046277,1.141536246719392,1.3868115566849875,1.9232462937550383,0.00924503392783149,0.06800287684464479,0.004624391259147926,0.11425705664667182,0.06415746364851611,0.004116180141810666,2.1894298697588965e-05,0.07224813848733902,0.005219793878495693,-2.3622069420525804e-05,0.04172820225358009,0.0017412427114322782,14.502022675736958,4.301226160706818,18.500546485548714
40,relax,3,Umut Kaya - Mevsimler Gecerken.mp3,89.10290948275862,110216,1266.8505747126437,0.3524923381806665,0.29349465003756525,0.0861391096006729,0.4594992577749671,0.2819184558658242,0.07947801575777068,0.2428024628370584,0.15614191421137447,0.024380297373592225,8.86778458565405,55.688327251584575,3101.1897920795773,-0.9229052842757492,44.457586506210525,1976.476997957192,0.011183525738839828,2.959480476094298,8.758524688383332,0.18261666595935822,0.08263257145881653,0.006828141398727894,1836.7544245898216,733.6103471924353,538184.1415078053,1989.4689340487728,584.6587022582364,341825.7981262851,22.1904024754772,6.785021421779779,46.03651569401049,3697.098477484641,1465.9259135454909,2148938.7840041816,2.2958086883218325,2.913848290939416,8.490511862610555,0.009786130615918447,0.08217505429678684,0.006752739548679866,0.07645116280476007,0.040029600093218216,0.001602368883622976,2.3671536837355234e-06,0.15812748670578003,0.025004301220178604,0.00016125390538945794,0.08137623965740204,0.006622092332690954,3.9079183673469386,2.2606876773933973,5.110708774718352
41,relax,3,Umut Kaya - Yanıma Yataydı (Özel klip).mp3,95.703125,99574,1171.4588235294118,0.42811702981864436,0.30528284037663583,0.09319761262842652,0.5361186994311079,0.26639194289101625,0.07096466723725048,0.26160664369386144,0.12204629166249324,0.014895297308566369,8.026163215929216,53.14249795140518,2824.125088515104,0.8866648943172548,48.846978316095445,2386.0272906130986,0.013632809668078292,4.950475615932848,24.50720882394571,0.17108146846294403,0.0814719945192337,0.006637685466557741,1977.7344490631556,862.3276419358774,743608.9620466908,2118.2823048943837,605.190549385138,366255.60106508515,20.11117952677171,8.597101937929098,73.91016173114427,4090.012768252346,1783.7110699078828,3181625.180911924,2.066314308738726,2.688711446564464,7.229169242886773,-0.01227606007245061,0.060917231075119475,0.0037109090418595016,0.08794995948626161,0.05996312198992951,0.0035955759987791676,1.4081144399824552e-05,0.1321360170841217,0.01745992712676525,-0.0002149148640455678,0.09824620932340622,0.009652317501604557,4.128507936507937,1.7872669241239176,3.1943230580673694
